1,Aviators,2,jgabbert13,6,0,6,13,RJsaurus,6,1,6,15,Hawks,3,Havoc,11,2,6,21,The RL Reaction,7,5,6,16
1,Jets,4,Primetime,10,4,5,17,Riyo,8,5,10,19,Spartans,1,Avo,4,2,3,10,B++,3,3,9,18
11,Rhinos,5,DDia,9,6,5,38,IMichael,16,4,6,30,Sharks,0,Mr_Bigglezworth,8,1,17,16,Peyton,1,1,10,3
1,Bulls,2,blizzardchill,6,3,13,17,BuildABear,5,0,5,16,Elite,3,Frawd,7,2,8,19,Rebel,7,2,9,16
1,Foxes,5,AptFox,9,2,9,15,tyler-,10,4,3,20,Sabres,0,Boby Shew,3,4,4,12,The Big C,4,2,7,12
1,Comets,4,Matty-Ice2110,14,3,11,28,Xtarasenko91x,3,4,6,7,Spectre,1,Gidderrs,3,3,4,20,MCas86,8,2,6,20
1,Eclipse,1,BeyondTeddie,4,1,8,15,Carl,4,2,10,13,Lightning,4,Aerialist,12,2,9,34,DC9708,4,3,4,17
1,Pandas,1,JustGary,6,4,8,14,The Postman,5,3,12,14,Sharks,4,Climax,12,3,3,27,DaShnozz,8,6,9,17
11,Tyrants,4,GameStrike208,12,1,9,19,Gogurt,5,9,9,18,Wizards,1,LilRock,4,1,7,16,Mario_RL,7,3,6,20
11,Pirates,2,garcia_reid,6,3,7,15,TourneyEarnie,9,5,10,20,Shadow,3,Goose,10,2,4,17,Legit,6,7,9,21
11,Ducks,4,All Seeing,14,3,15,14,FlyinHi,9,7,7,21,Eclipse,1,Pander,10,11,6,28,Robber00,11,2,2,21
11,Bulls,1,rsayers,4,4,8,14,UnlimitedDucks,4,2,5,14,Comets,4,RWB,5,4,7,17,xHDx Crack3r,9,1,5,20
11,Jets,2,ArrSin,4,4,6,10,Gon,8,0,7,15,Puffins,3,AubreyE,8,5,5,25,ElCuchinero Cuh,6,6,5,13
1,Demolition,2,Deejay,6,2,6,18,Reckless,5,3,6,13,Wizards,3,Krihg,4,3,9,15,LilRock,8,3,5,18
1,Puffins,3,AubreyE,7,2,7,14,ElCuchinero Cuh,5,3,5,19,Wolves,2,MouseRat,9,2,10,20,stevo,2,3,4,13
1,Blizzard,3,helly.,6,2,8,16,Jackal,7,4,5,20,Hurricanes,2,Hershey,4,2,6,10,Krosis,6,2,9,23
11,Hive,3,DLEW19,8,4,9,27,superflame,8,3,5,22,Lightning,2,Icy_fatal99,5,3,10,15,MtnDrewski,7,2,14,17
1,Dodgers,1,ClayHD_,2,4,11,18,OwnerOfTheWhiteSedan,8,1,4,13,Tyrants,4,Alton,10,2,10,23,Gogurt,7,6,7,19
1,Outlaws,3,Hypr,11,2,6,21,PAV3K,7,6,10,18,Rhinos,2,IMichael,8,2,13,23,Meddler,3,3,4,13
1,Ducks,2,FlyinHi,3,0,3,13,therealmobagz,4,2,6,17,Hive,3,Black,8,3,12,17,DLEW19,6,2,6,15
1,Express,5,Flyin_Dutch_Oven,5,8,7,12,KillingHabbits,16,4,7,27,Knights,0,BuffaloDave,0,2,8,13,Zinc,3,0,5,11
1,Flames,4,bippers,6,9,10,13,Vague,16,5,10,27,Shadow,1,Driu,7,0,6,21,Jordak,4,4,3,14
11,Outlaws,5,ITSLAPPY,19,1,12,30,zFLaMEx2,6,9,5,18,Pandas,0,kakutani,4,1,10,17,LaKodiak,4,2,4,12
1,Bears,3,Brokarian,6,3,9,12,CloudFuel,4,2,7,9,Pirates,2,HK_BadBoy,4,4,7,15,TopHatHero,7,2,2,18
11,Hawks,1,Mr T,9,0,7,16,Drummer_Boy_904,1,5,8,12,Hurricanes,4,Finicko,7,4,3,17,Soop Feared,11,5,8,24
11,Elite,3,Gristly.,9,4,8,20,NotHenry,5,2,8,8,Spectre,2,Americas F1nest,3,2,7,14,MCas86,9,1,6,22
11,Spartans,4,MonsterJamers,9,6,7,24,PoorlyBuiltTaco,10,3,9,18,Wolves,1,MouseRat,6,4,10,20,Texas21Ace,8,1,11,15
11,Aviators,2,Ayden,6,0,11,15,Frodoswaggins,4,1,13,14,Blizzard,3,Booq.,10,3,6,23,helly.,6,5,8,24
11,Demolition,2,KnightFire,3,0,6,17,Reckless,3,2,10,9,Dodgers,3,Klismo,4,2,5,18,OwnerOfTheWhiteSedan,5,1,5,17
11,Knights,1,Kilowen,5,7,13,13,Salvation,11,0,2,21,Sabres,4,Darkfire,8,7,13,19,SammyNieds18,11,2,5,20
2,Dodgers,0,bitpost,5,1,4,13,ClayHD_,5,3,11,17,Elite,5,Gristly.,10,2,8,18,Rebel,7,2,10,16
2,Puffins,3,AubreyE,5,6,5,21,Bachem,9,3,3,17,Sabres,2,Darkfire,7,1,5,18,SammyNieds18,5,4,14,7
2,Eclipse,2,Carl,7,1,10,18,Robber00,3,2,4,16,Hurricanes,3,Krosis,6,6,7,13,Soop Feared,12,2,10,22
2,Ducks,1,All Seeing,9,2,7,17,MeadowMaker,7,5,7,14,Hawks,4,Havoc,9,8,4,20,Mr T,15,5,5,29
2,Bulls,3,blizzardchill,8,4,3,14,UnlimitedDucks,9,3,5,16,Tyrants,2,Alton,12,2,5,23,Fasterthanfalcon,4,4,4,8
2,Comets,2,Matty-Ice2110,11,3,6,22,xHDx Crack3r,4,7,4,11,Wizards,3,LilRock,8,1,7,17,Schult,5,4,7,13
2,Flames,3,coversum,8,5,7,24,Eazuu,7,3,12,12,Sharks,2,DaShnozz,3,3,9,16,Mr_Bigglezworth,6,0,7,12
11,Bears,1,CloudFuel,5,3,9,10,RoboticPlayer,6,2,10,15,Flames,4,coversum,12,7,6,33,Eazuu,10,5,5,16
11,Express,1,Flyin_Dutch_Oven,6,0,10,13,Sobes,1,5,6,13,Foxes,4,AptFox,10,1,6,21,TRAINS,7,3,8,14
2,Blizzard,1,Booq.,6,1,5,23,Jackal,6,3,8,23,Lightning,4,Aerialist,8,4,13,22,MtnDrewski,6,4,13,15
2,Outlaws,1,Endless,4,6,5,11,zFLaMEx2,10,3,11,27,Pirates,4,HK_BadBoy,10,3,12,20,TourneyEarnie,7,0,9,19
2,Jets,3,Gon,6,7,7,13,Riyo,8,3,4,24,Knights,2,Zinc,8,2,8,19,BuffaloDave,5,4,6,9
2,Bears,3,Brokarian,10,3,7,28,RoboticPlayer,9,4,9,19,Rhinos,2,IMichael,12,1,11,26,Meddler,5,4,14,16
2,Express,2,Flyin_Dutch_Oven,6,3,10,13,Hardcoregames15,7,1,11,23,Spartans,3,B++,8,5,10,22,PoorlyBuiltTaco,6,3,7,15
2,Pandas,4,LaKodiak,7,4,4,13,The Postman,11,3,13,19,Shadow,1,Goose,6,1,4,16,Jordak,3,5,4,18
2,Aviators,0,Ayden,7,0,4,18,Frodoswaggins,3,3,7,16,Hive,5,Black,12,5,8,25,superflame,9,4,6,12
2,Demolition,2,Deejay,7,2,2,15,SCarton,5,5,6,15,Spectre,3,Gidderrs,10,4,5,16,Kenny,9,4,7,16
2,Foxes,3,tyler-,16,6,10,29,Zeus,7,9,2,21,Wolves,2,Foof,8,5,7,17,stevo,8,5,12,17
3,Bulls,5,Firehoops,14,2,8,25,rsayers,4,3,6,10,Dodgers,0,bitpost,5,1,2,12,OwnerOfTheWhiteSedan,3,2,10,15
3,Hawks,2,Mr T,7,6,11,16,The RL Reaction,10,3,3,23,Hive,3,DLEW19,10,3,8,19,steven the hobo,8,3,9,21
3,Pirates,2,TopHatHero,5,2,9,14,TourneyEarnie,3,3,8,12,Rhinos,3,DDia,12,4,7,30,IMichael,6,7,6,19
3,Elite,2,NotHenry,9,2,10,12,Rebel,6,4,11,13,Tyrants,3,Alton,13,4,5,30,Gogurt,7,4,3,21
12,Eclipse,1,BeyondTeddie,6,5,11,16,Robber00,7,5,3,19,Hawks,4,Drummer_Boy_904,7,3,3,13,Havoc,11,2,11,21
12,Jets,4,AspEctZ,4,3,2,11,Riyo,12,3,4,24,Sabres,1,Boby Shew,5,1,7,9,SammyNieds18,6,1,7,17
3,Flames,3,Eazuu,7,5,6,19,Vague,12,5,7,22,Pandas,2,kakutani,6,2,8,8,The Postman,6,1,7,18
3,Hurricanes,4,Hershey,9,4,4,14,Soop Feared,12,4,10,25,Lightning,1,Aerialist,10,0,7,21,Icy_fatal99,2,4,5,12
3,Shadow,3,Jordak,8,0,7,15,Legit,9,2,12,16,Sharks,2,Climax,8,5,5,21,DaShnozz,8,1,7,25
3,Bears,0,GlycineBase,5,3,17,16,RoboticPlayer,3,2,6,9,Outlaws,5,Endless,10,3,7,24,ITSLAPPY,10,7,8,26
12,Foxes,2,TRAINS,6,2,3,14,tyler-,7,1,9,15,Spartans,3,B++,6,2,9,15,MonsterJamers,5,3,3,14
3,Comets,5,Matty-Ice2110,19,6,7,38,RWB,8,9,6,21,Demolition,0,KnightFire,5,1,14,16,Reckless,6,3,9,11
12,Pirates,2,garcia_reid,10,4,7,19,HK_BadBoy,8,3,7,14,Sharks,3,DaShnozz,11,4,11,26,Peyton,5,5,3,15
12,Comets,1,xHDx Crack3r,6,1,7,17,Xtarasenko91x,3,2,7,14,Tyrants,4,BurnWanSahn,7,3,7,16,GameStrike208,10,3,7,17
3,Spectre,3,Americas F1nest,6,4,5,16,Gidderrs,12,4,8,24,Wizards,2,Krihg,8,1,6,14,Mario_RL,3,5,9,14
3,Foxes,0,AptFox,7,1,7,16,Zeus,2,4,4,11,Puffins,5,AubreyE,10,11,5,22,B1,16,6,8,30
12,Dodgers,3,ClayHD_,8,3,15,20,Klismo,8,3,10,19,Spectre,2,Kenny,10,3,12,26,MCas86,4,5,8,22
3,Blizzard,4,Booq.,9,3,10,17,helly.,8,2,7,15,Eclipse,1,Carl,4,0,1,16,Pander,6,1,6,22
3,Aviators,2,Frodoswaggins,3,3,11,10,jgabbert13,6,1,8,16,Ducks,3,FlyinHi,4,6,5,19,MeadowMaker,6,1,10,16
3,Knights,3,Salvation,8,1,8,17,Zinc,8,2,10,14,Spartans,2,Avo,9,3,5,28,PoorlyBuiltTaco,4,6,4,15
3,Express,2,Adrenaline,4,2,1,12,Hardcoregames15,9,2,3,20,Jets,3,Gon,4,4,6,6,Primetime,13,1,8,16
12,Elite,3,Frawd,8,2,5,17,Gristly.,8,4,8,22,Wizards,2,LilRock,8,3,10,18,Mario_RL,6,2,5,12
3,Sabres,1,Darkfire,5,4,9,10,The Big C,4,1,16,21,Wolves,4,DonkeyKong,10,5,5,24,MouseRat,7,2,9,27
12,Hive,2,steven the hobo,5,2,4,9,superflame,12,3,6,26,Hurricanes,3,Finicko,9,5,5,19,Krosis,9,5,8,16
12,Knights,2,BuffaloDave,9,2,9,22,Kilowen,3,6,5,15,Wolves,3,Foof,10,4,8,17,Texas21Ace,6,4,9,17
12,Aviators,2,jgabbert13,7,2,6,14,Ray Finkle,9,4,9,17,Lightning,3,DC9708,8,5,6,24,Icy_fatal99,7,1,4,15
12,Blizzard,3,Imagine,10,8,6,22,Mr.BigMackDaddy,12,1,8,19,Ducks,2,MeadowMaker,5,5,7,14,therealmobagz,9,3,3,20
12,Express,3,Adrenaline,5,3,10,13,Sobes,8,4,6,16,Puffins,2,Bachem,6,3,9,17,ElCuchinero Cuh,8,3,4,19
12,Outlaws,3,Endless,13,3,9,23,PAV3K,7,8,5,24,Shadow,2,Driu,8,6,9,23,Goose,9,3,13,15
12,Bears,5,CloudFuel,8,5,4,18,RoboticPlayer,13,0,6,18,Pandas,0,kakutani,3,3,6,17,LaKodiak,5,2,7,13
12,Flames,1,Eazuu,5,0,9,15,Vague,4,0,8,13,Rhinos,4,DDia,9,5,10,21,Meddler,9,2,5,25
12,Bulls,4,Firehoops,6,3,8,23,UnlimitedDucks,8,4,10,15,Demolition,1,Deejay,4,0,11,18,KnightFire,2,3,8,11
4,Shadow,2,Driu,11,0,9,25,Jordak,4,6,3,16,Spectre,3,Americas F1nest,11,8,11,21,MCas86,10,7,8,20
4,Dodgers,1,bitpost,4,4,5,13,OwnerOfTheWhiteSedan,5,0,17,14,Outlaws,4,ITSLAPPY,12,3,8,30,zFLaMEx2,6,2,6,14
4,Eclipse,0,Carl,0,0,0,0,Pander,0,0,0,0,Jets,5,ArrSin,0,0,0,0,Primetime,0,0,0,0
4,Comets,2,Matty-Ice2110,12,2,9,23,RWB,4,1,2,15,Flames,3,AspEctZ,6,3,14,15,Vague,10,4,5,16
4,Aviators,3,Frodoswaggins,9,2,15,19,RJsaurus,10,5,5,25,Foxes,2,Bye_Bye01,6,2,12,23,TRAINS,3,4,7,12
4,Sharks,0,Climax,5,0,9,23,Peyton,2,2,6,11,Wizards,5,Krihg,14,4,6,20,Schult,12,7,11,27
4,Hawks,2,Drummer_Boy_904,6,1,3,16,The RL Reaction,4,4,15,17,Sabres,3,SammyNieds18,7,3,11,24,The Big C,8,2,8,21
4,Hive,5,Black,12,2,12,24,superflame,9,6,7,19,Wolves,0,Foof,7,1,7,16,Texas21Ace,4,1,6,16
4,Ducks,3,All Seeing,10,4,7,14,FlyinHi,4,3,4,8,Puffins,2,AubreyE,6,3,3,19,Bachem,3,1,6,11
4,Rhinos,2,dv2890,7,3,4,15,Meddler,6,1,9,16,Tyrants,3,BurnWanSahn,4,2,6,11,GameStrike208,10,3,9,17
4,Hurricanes,3,Hershey,9,1,8,22,Krosis,7,3,5,23,Knights,2,BuffaloDave,4,3,8,15,Salvation,6,2,8,13
4,Bears,2,Brokarian,6,3,6,15,GlycineBase,4,2,16,15,Bulls,3,Firehoops,7,4,6,19,rsayers,6,4,6,22
4,Lightning,1,DC9708,5,2,8,10,Icy_fatal99,3,2,6,12,Spartans,4,B++,13,2,9,20,Tiberius,7,7,5,19
4,Demolition,2,Reckless,8,3,8,18,SCarton,5,4,5,17,Pandas,3,Killerbaird2,9,4,10,18,LaKodiak,9,6,5,20
4,Elite,0,Gristly.,0,0,0,0,NotHenry,0,0,0,0,Pirates,5,garcia_reid,0,0,0,0,HK_BadBoy,0,0,0,0
4,Blizzard,0,Imagine,3,4,6,12,Mr.BigMackDaddy,6,1,7,22,Express,5,Sobes,5,7,9,13,CommanderSushi1,14,1,12,26
13,Comets,4,Matty-Ice2110,19,2,6,31,RWB,7,8,6,14,Elite,1,Gristly.,7,3,6,15,Rebel,12,4,8,20
13,Flames,3,bippers,8,4,4,17,DaKicker8,9,6,3,27,Pirates,2,HK_BadBoy,4,3,8,10,TourneyEarnie,4,1,5,9
5,Hurricanes,4,Krosis,7,3,15,17,Soop Feared,13,2,5,24,Jets,1,Gon,6,4,11,22,Primetime,7,2,6,20
5,Comets,4,Matty-Ice2110,13,5,9,25,xHDx Crack3r,5,4,12,23,Pandas,1,Killerbaird2,6,2,13,21,LaKodiak,5,6,7,24
13,Foxes,5,AptFox,0,0,0,0,TRAINS,0,0,0,0,Knights,0,BuffaloDave,0,0,0,0,Kilowen,0,0,0,0
13,Dodgers,0,bitpost,5,1,7,9,Klismo,3,4,11,12,Wizards,5,Krihg,6,2,4,19,Mario_RL,12,2,1,24
13,Puffins,4,B1,16,1,6,27,ElCuchinero Cuh,2,9,6,17,Spartans,1,PoorlyBuiltTaco,5,4,12,9,Tiberius,9,4,4,20
5,Eclipse,4,MijiT,7,4,5,15,Pander,9,3,8,19,Express,1,Adrenaline,8,2,8,22,Flyin_Dutch_Oven,4,2,8,13
5,Hive,3,Black,10,0,6,23,steven the hobo,8,5,4,17,Sabres,2,Boby Shew,6,4,3,7,SammyNieds18,8,4,13,19
5,Bulls,3,DK,8,2,7,14,rsayers,4,4,10,13,Rhinos,2,Meddler,5,5,8,18,Stix,8,1,6,21
5,Pirates,2,garcia_reid,5,2,10,7,TopHatHero,8,3,7,14,Tyrants,3,GameStrike208,11,4,4,26,Nad,8,4,3,16
5,Aviators,1,jgabbert13,3,0,8,11,RJsaurus,4,2,5,17,Wolves,4,Foof,15,6,9,24,MouseRat,11,9,6,22
5,Bears,3,CloudFuel,6,4,8,17,GlycineBase,8,1,13,14,Dodgers,2,Klismo,6,7,10,19,OwnerOfTheWhiteSedan,10,3,5,26
5,Hawks,3,Havoc,6,4,3,22,Mr T,10,3,5,23,Puffins,2,B1,5,2,7,11,Bachem,4,3,9,9
5,Sharks,2,Climax,7,3,10,17,Mr_Bigglezworth,8,4,2,16,Spectre,3,Americas F1nest,7,6,2,16,MCas86,11,5,7,18
5,Demolition,5,Deejay,12,11,4,28,KnightFire,20,4,6,37,Shadow,0,Goose,4,2,9,10,Jordak,3,0,10,11
5,Blizzard,3,Jackal,9,9,5,20,Mr.BigMackDaddy,12,2,5,20,Spartans,2,MonsterJamers,5,4,4,15,Tiberius,11,2,6,15
5,Knights,0,BuffaloDave,0,0,0,0,Salvation,0,0,0,0,Lightning,5,Aerialist,0,0,0,0,Icy_fatal99,0,0,0,0
5,Flames,3,AspEctZ,7,2,6,14,bippers,7,4,10,20,Wizards,2,Krihg,6,5,5,13,Schult,7,4,9,17
5,Elite,1,Frawd,6,3,8,21,NotHenry,4,5,12,11,Outlaws,4,ITSLAPPY,9,3,9,24,PAV3K,7,2,3,19
13,Eclipse,3,BeyondTeddie,6,4,9,14,Carl,8,3,8,18,Hive,2,steven the hobo,8,2,5,26,superflame,9,7,8,14
13,Demolition,0,Deejay,4,2,18,10,SCarton,5,2,6,14,Tyrants,5,BurnWanSahn,10,5,6,31,Gogurt,14,5,5,30
13,Bears,1,Brokarian,10,2,5,17,CloudFuel,4,4,4,5,Shadow,4,Driu,10,2,1,20,Ray Finkle,5,5,4,9
5,Ducks,0,Shwazy,6,3,9,12,therealmobagz,7,5,13,13,Foxes,5,AptFox,10,7,2,30,tyler-,12,3,5,21
13,Blizzard,5,Booq.,18,3,12,25,Imagine,8,9,7,21,Hawks,0,Crazy,3,2,8,20,The RL Reaction,9,2,5,19
13,Outlaws,5,PAV3K,0,0,0,0,zFLaMEx2,0,0,0,0,Sharks,0,Doomedgizmo,0,0,0,0,Mr_Bigglezworth,0,0,0,0
13,Aviators,2,Ayden,6,3,3,16,RJsaurus,5,2,8,14,Hurricanes,3,Finicko,9,5,3,17,Hershey,11,4,9,22
13,Ducks,1,All Seeing,1,1,6,11,FlyinHi,3,0,9,9,Lightning,4,DC9708,9,3,4,20,MtnDrewski,7,2,6,20
13,Bulls,2,DK,8,1,10,14,UnlimitedDucks,6,2,9,19,Spectre,3,Lawrence,19,3,6,38,MCas86,6,14,8,18
13,Jets,2,ArrSin,8,1,8,18,Riyo,6,5,9,17,Wolves,3,stevo,6,4,9,17,Texas21Ace,7,0,6,17
6,Comets,2,RWB,8,3,5,14,Xtarasenko91x,6,3,5,15,Shadow,3,Driu,7,4,7,16,Ray Finkle,7,5,4,11
6,Jets,3,ArrSin,6,6,4,18,Gon,11,3,11,30,Lightning,2,DC9708,10,6,15,21,Schwartzy,11,5,10,22
13,Express,2,Sobes,2,6,7,12,CommanderSushi1,12,1,6,32,Sabres,3,Darkfire,6,5,8,12,The Big C,7,4,13,15
6,Outlaws,0,Endless,10,1,11,18,ITSLAPPY,3,8,10,17,Tyrants,5,GameStrike208,11,8,7,27,Gogurt,14,6,9,30
6,Aviators,2,Frodoswaggins,5,0,10,21,jgabbert13,2,3,6,10,Sabres,3,Boby Shew,3,2,7,16,Darkfire,7,1,12,18
13,Pandas,5,LaKodiak,0,0,0,0,The Postman,0,0,0,0,Rhinos,0,DDia,0,0,0,0,Stix,0,0,0,0
6,Bears,1,GlycineBase,7,2,7,24,RoboticPlayer,7,5,11,18,Elite,4,Frawd,11,2,12,21,Gristly.,8,6,9,21
6,Express,4,Flyin_Dutch_Oven,10,2,8,22,CommanderSushi1,10,8,5,33,Hurricanes,1,Finicko,2,1,5,7,Krosis,4,0,19,11
6,Eclipse,0,BeyondTeddie,2,3,7,12,Robber00,5,1,6,13,Spartans,5,B++,12,5,9,21,PoorlyBuiltTaco,8,5,4,16
6,Flames,5,bippers,14,12,4,25,dv2890,16,4,7,23,Spectre,0,Americas F1nest,6,2,4,15,Kenny,6,4,5,15
6,Pandas,3,DonkeyKong,7,2,10,18,Killerbaird2,5,3,11,21,Wizards,2,LilRock,9,4,12,23,Mario_RL,7,2,8,23
6,Hive,4,DLEW19,8,3,7,20,superflame,7,5,6,16,Puffins,1,B1,8,4,7,14,ElCuchinero Cuh,6,6,5,21
6,Ducks,3,FlyinHi,11,3,10,26,therealmobagz,7,4,12,23,Wolves,2,MouseRat,6,1,12,21,Texas21Ace,6,1,11,20
6,Dodgers,2,bitpost,6,2,9,15,ClayHD_,9,2,13,15,Rhinos,3,DDia,6,4,6,21,Stix,10,1,2,21
6,Foxes,5,Bye_Bye01,17,5,7,26,Khaos,10,4,5,21,Hawks,0,Drummer_Boy_904,2,1,8,10,Havoc,3,1,8,10
6,Bulls,5,Firehoops,8,2,12,17,UnlimitedDucks,11,5,10,19,Pirates,0,HK_BadBoy,7,1,7,20,Uhhhhhhh,4,2,7,16
6,Demolition,3,Deejay,13,6,5,26,KnightFire,10,6,2,26,Sharks,2,Clay,4,2,6,12,Peyton,8,2,9,12
6,Blizzard,5,Booq.,0,0,0,0,Mr.BigMackDaddy,0,0,0,0,Knights,0,Insanerossi13,0,0,0,0,Salvation,0,0,0,0
14,Sabres,5,SammyNieds18,9,4,6,27,The Big C,9,6,4,20,Spartans,0,MonsterJamers,6,1,12,16,Tiberius,4,2,10,7
7,Shadow,1,Jordak,3,5,10,10,Ray Finkle,7,2,9,19,Wizards,4,Mario_RL,4,7,2,11,Schult,15,1,11,29
14,Bears,3,Brokarian,6,4,4,14,RoboticPlayer,9,2,4,23,Sharks,2,Mr_Bigglezworth,9,1,13,14,Peyton,2,5,5,6
14,Aviators,1,Frodoswaggins,7,4,6,19,jgabbert13,8,3,6,17,Eclipse,4,BeyondTeddie,10,6,9,14,Pander,15,5,9,27
14,Ducks,0,All Seeing,3,4,9,11,Shwazy,7,2,6,18,Hurricanes,5,Finicko,10,3,5,18,Soop Feared,11,5,11,26
14,Foxes,3,Bye_Bye01,8,3,6,18,tyler-,4,4,7,13,Jets,2,Gon,6,4,6,14,Riyo,6,4,9,20
7,Ducks,3,FlyinHi,7,4,3,21,Shwazy,9,4,4,21,Sabres,2,Boby Shew,5,1,7,8,Darkfire,5,4,10,12
14,Rhinos,3,Meddler,11,10,5,23,Stix,15,5,6,25,Shadow,2,Driu,8,3,6,19,Goose,4,4,3,10
7,Aviators,3,Ayden,6,1,3,14,RJsaurus,5,2,7,14,Puffins,2,Bachem,2,7,4,11,ElCuchinero Cuh,12,1,5,18
7,Express,2,Sobes,3,5,9,15,Cali.,8,1,10,21,Lightning,3,DC9708,7,3,8,19,Garlix,5,4,8,17
7,Bulls,0,DK,7,2,8,13,rsayers,2,2,7,13,Outlaws,5,Endless,4,8,9,13,PAV3K,17,2,3,29
7,Bears,3,CloudFuel,3,1,6,8,Kravenz,9,1,10,18,Tyrants,2,BurnWanSahn,4,1,4,16,Nad,2,1,3,14
7,Dodgers,2,bitpost,6,4,8,16,Klismo,7,2,4,15,Pirates,3,BillyBrickWall,8,3,8,20,garcia_reid,7,1,3,14
7,Hurricanes,5,Hershey,9,3,5,21,Soop Feared,13,3,7,26,Spartans,0,B++,4,2,11,13,MonsterJamers,4,2,6,12
7,Elite,4,NotHenry,4,4,7,11,Rebel,10,1,8,24,Rhinos,1,IMichael,6,3,7,20,Stix,5,1,10,11
7,Comets,1,xHDx Crack3r,7,4,12,24,Xtarasenko91x,5,3,7,8,Sharks,4,Doomedgizmo,13,3,10,30,Peyton,5,4,9,12
7,Hawks,0,Drummer_Boy_904,3,1,3,14,The RL Reaction,4,1,13,16,Wolves,5,Foof,16,5,10,27,MouseRat,12,9,7,20
7,Eclipse,5,Carl,0,0,0,0,Robber00,0,0,0,0,Knights,0,Insanerossi13,0,0,0,0,Salvation,0,0,0,0
14,Spectre,2,Kenny,8,0,6,24,MCas86,3,4,3,14,Tyrants,3,BurnWanSahn,4,4,13,14,Gogurt,11,2,6,16
7,Foxes,0,Sonomaa,6,1,5,17,tyler-,3,1,7,22,Hive,5,Black,8,4,12,16,DLEW19,11,5,10,24
7,Blizzard,2,Imagine,8,1,4,24,Jackal,5,6,5,21,Jets,3,ArrSin,9,7,14,17,Primetime,12,4,9,23
14,Comets,3,RWB,4,4,7,19,Xtarasenko91x,10,2,10,19,Dodgers,2,Klismo,6,4,13,22,Venom,6,3,9,17
7,Demolition,1,KnightFire,10,2,10,25,SCarton,4,4,5,11,Flames,4,AspEctZ,11,2,11,24,Vague,6,3,9,12
7,Pandas,3,DonkeyKong,11,9,5,21,Killerbaird2,15,5,7,24,Spectre,2,Americas F1nest,5,5,7,9,Lawrence,14,1,9,25
14,Blizzard,1,Booq.,4,1,7,14,Mr.BigMackDaddy,3,1,6,16,Hive,4,Black,5,4,9,15,DLEW19,10,1,11,19
14,Bulls,1,Firehoops,4,1,6,17,rsayers,4,2,5,11,Wizards,4,Krihg,5,3,2,11,LilRock,8,3,11,17
14,Flames,4,AspEctZ,4,4,8,9,Vague,10,1,6,20,Outlaws,1,Endless,6,3,5,19,zFLaMEx2,5,2,8,15
14,Express,2,Sobes,6,2,9,12,Spirit,5,3,4,17,Wolves,3,stevo,7,5,11,19,Texas21Ace,8,3,4,17
14,Demolition,2,KnightFire,9,1,8,22,SCarton,4,4,5,12,Elite,3,Frawd,6,4,10,19,NotHenry,11,3,9,19
14,Hawks,2,Ants on Seadoos,10,8,6,26,Mr T,17,5,6,30,Lightning,3,Garlix,12,2,11,17,Icy_fatal99,7,7,8,14
14,Knights,2,Insanerossi13,4,4,5,12,The Postman,10,2,9,19,Puffins,3,B1,11,1,4,26,Bachem,4,4,5,8
14,Pandas,3,Bearhawk02,4,5,7,10,DonkeyKong,6,0,3,17,Pirates,2,BillyBrickWall,4,2,7,10,HK_BadBoy,4,2,9,7
8,Bulls,2,rsayers,3,2,8,15,UnlimitedDucks,5,2,8,15,Dodgers,3,MijiT,7,2,7,20,Venom,8,5,11,17
8,Spectre,3,Lawrence,15,1,9,25,MCas86,3,9,4,12,Wizards,2,Mario_RL,9,7,6,18,Schult,12,6,4,22
8,Aviators,4,Ayden,5,5,11,15,jgabbert13,14,2,15,20,Ducks,1,All Seeing,9,4,6,26,therealmobagz,5,5,5,24
8,Shadow,2,Goose,5,1,8,11,Ray Finkle,5,3,5,15,Sharks,3,Clay,4,3,6,16,Mr_Bigglezworth,7,1,8,14
8,Knights,2,Insanerossi13,10,2,6,25,The Postman,8,5,15,16,Spartans,3,B++,7,8,9,27,PoorlyBuiltTaco,10,4,4,22
8,Blizzard,2,Crazzed,11,2,4,26,Jackal,6,5,6,18,Eclipse,3,BeyondTeddie,4,8,10,11,Pander,16,4,10,31
8,Hurricanes,5,Hershey,0,0,0,0,Krosis,0,0,0,0,Lightning,0,Garlix,0,0,0,0,Icy_fatal99,0,0,0,0
8,Elite,3,Frawd,10,3,7,25,Rebel,9,4,14,19,Tyrants,2,GameStrike208,9,4,11,26,Nad,8,4,9,21
8,Comets,4,Matty-Ice2110,11,4,10,32,Xtarasenko91x,7,3,2,11,Demolition,1,Deejay,4,2,9,11,Reckless,6,1,9,18
8,Express,5,CommanderSushi1,14,3,13,31,Sobes,9,5,4,19,Jets,0,Primetime,1,0,8,12,Sangy,6,1,10,14
8,Bears,3,Brokarian,6,0,11,19,Kravenz,4,2,9,15,Outlaws,2,ITSLAPPY,4,2,13,17,PAV3K,7,1,8,18
8,Flames,4,bippers,7,7,14,13,Vague,11,5,6,21,Pandas,1,DonkeyKong,2,2,5,11,LaKodiak,6,2,6,21
8,Sabres,2,Boby Shew,5,3,3,17,The Big C,7,2,5,16,Wolves,3,Foof,9,2,7,19,stevo,5,4,5,13
8,Hawks,3,Havoc,7,4,5,15,Mr T,9,5,10,20,Hive,2,DLEW19,8,1,5,16,superflame,4,2,8,14
8,Foxes,4,Bye_Bye01,13,2,6,28,tyler-,6,4,8,14,Puffins,1,AubreyE,7,3,5,16,B1,7,3,9,15
8,Pirates,0,garcia_reid,2,2,11,9,Uhhhhhhh,3,0,15,11,Rhinos,5,DDia,17,4,7,36,Meddler,6,5,5,20
9,Blizzard,3,Jackal,6,2,6,17,Mr.BigMackDaddy,9,1,8,16,Lightning,2,Aerialist,8,3,10,19,Garlix,4,3,8,14
9,Bulls,2,DK,10,4,12,22,Jesus,5,4,7,11,Tyrants,3,GameStrike208,11,3,4,27,Gogurt,12,4,7,19
9,Pandas,0,Bearhawk02,0,0,0,0,DonkeyKong,0,0,0,0,Shadow,5,Jordak,0,0,0,0,Ray Finkle,0,0,0,0
9,Ducks,2,All Seeing,7,3,5,15,therealmobagz,7,6,10,18,Hawks,3,Ants on Seadoos,11,4,9,19,Havoc,7,7,5,20
9,Bears,1,Brokarian,6,2,7,12,RoboticPlayer,4,3,9,9,Rhinos,4,IMichael,16,1,5,31,Stix,3,8,2,14
9,Dodgers,1,Klismo,3,3,7,9,Venom,8,1,4,18,Elite,4,Frawd,14,5,8,20,Rebel,10,4,7,21
9,Outlaws,3,PAV3K,10,3,6,27,zFLaMEx2,5,1,7,13,Pirates,2,garcia_reid,4,6,10,11,HK_BadBoy,11,1,10,24
9,Puffins,3,AubreyE,6,4,8,15,ElCuchinero Cuh,7,4,4,24,Sabres,2,SammyNieds18,9,2,10,17,The Big C,5,2,8,12
9,Comets,4,Matty-Ice2110,11,3,7,27,xHDx Crack3r,5,6,9,20,Wizards,1,Schult,6,0,10,18,TourneyEarnie,3,4,11,9
9,Express,5,Cali.,10,5,6,17,CommanderSushi1,13,2,14,22,Spartans,0,MonsterJamers,5,2,7,16,PoorlyBuiltTaco,3,4,5,17
9,Eclipse,2,Pander,10,1,12,22,Robber00,3,6,6,12,Hurricanes,3,Hershey,5,1,9,18,Jesus,7,3,6,16
9,Aviators,0,Frodoswaggins,5,4,11,10,RJsaurus,7,2,9,19,Hive,5,DLEW19,11,5,4,21,Kerberdox,9,4,10,20
9,Demolition,1,Reckless,6,3,7,12,SCarton,6,4,5,13,Spectre,4,Americas F1nest,12,3,5,24,Party,8,3,3,11
9,Flames,3,AspEctZ,11,5,3,18,bippers,8,5,2,14,Sharks,2,Clay,9,1,2,11,Mr_Bigglezworth,10,4,3,16
9,Jets,4,Micah,9,5,7,17,Sangy,10,2,11,20,Knights,1,KEAxCoPe,1,2,5,10,The Postman,5,0,10,25
9,Foxes,2,Sonomaa,8,2,7,16,tyler-,4,2,7,15,Wolves,3,Foof,9,4,7,21,stevo,7,6,7,18
10,Aviators,3,Ayden,9,2,5,14,RJsaurus,8,5,9,18,Hawks,2,Crazy,7,7,4,15,Drummer_Boy_904,9,5,4,24
10,Jets,5,Micah,9,5,5,19,Primetime,8,6,9,22,Spartans,0,B++,1,2,7,13,Tiberius,4,1,6,12
10,Eclipse,1,Chefkn1fe,3,4,6,15,Robber00,9,0,1,18,Lightning,4,Aerialist,9,9,6,16,Garlix,11,7,9,13
10,Ducks,3,FlyinHi,6,4,8,16,therealmobagz,9,3,6,16,Hive,2,Black,9,1,8,14,steven the hobo,4,4,9,19
10,Bears,0,CloudFuel,0,0,0,0,RoboticPlayer,0,0,0,0,Pirates,5,BillyBrickWall,0,0,0,0,Uhhhhhhh,0,0,0,0
10,Foxes,0,BurnWanSahn,0,0,0,0,Frodoswaggins,0,0,0,0,Sabres,5,Boby Shew,0,0,0,0,Darkfire,0,0,0,0
10,Pandas,0,Bearhawk02,0,0,0,0,Killerbaird2,0,0,0,0,Sharks,5,Clay,0,0,0,0,Peyton,0,0,0,0
10,Comets,0,RWB,7,5,4,23,xHDx Crack3r,6,0,2,9,Spectre,5,Lawrence,16,3,8,21,Party,6,6,5,6
10,Dodgers,1,bitpost,4,1,6,12,MijiT,4,2,17,20,Tyrants,4,Gogurt,6,3,13,22,Vu Ma,10,4,6,24
10,Blizzard,0,Kamii2k,5,1,11,16,Mr.BigMackDaddy,4,2,5,14,Hurricanes,5,Krosis,8,7,8,15,Soop Feared,16,2,7,27
10,Outlaws,0,Endless,4,0,10,15,ITSLAPPY,3,2,11,16,Rhinos,5,DDia,6,2,9,18,IMichael,12,2,7,28
10,Flames,4,AspEctZ,10,5,6,20,dv2890,9,6,5,16,Shadow,1,Goose,4,3,9,10,Ray Finkle,4,2,3,18
10,Demolition,1,KnightFire,8,4,10,22,SCarton,6,2,3,16,Wizards,4,Legit,9,9,5,16,TourneyEarnie,15,4,10,30
10,Bulls,0,Blood12aven,7,3,3,18,DK,7,4,11,18,Elite,5,Gristly.,17,2,7,31,NotHenry,6,6,12,10
10,Puffins,5,AubreyE,9,8,4,19,B1,11,7,6,27,Wolves,0,Foof,4,3,10,10,MouseRat,4,1,8,14
10,Express,4,CommanderSushi1,12,0,6,37,Spirit,3,3,3,10,Knights,1,Cammm,1,4,17,8,The Postman,6,1,13,13